model,auc_roc,precision,f1
random_forest,0.8311922881785895,0.6823529411764706,0.5272727272727272
gradient_boosting,0.8473059360730594,0.6956521739130435,0.5638766519823789
logistic_regression,0.8665854895991884,0.7222222222222222,0.5777777777777777
