model,auc_roc,precision,f1,feature_importance
random_forest,0.9681020733652311,0.7241379310344828,0.8235294117647058,"{'danceability': 0.08050214598396684, 'energy': 0.04898847279563391, 'key': 0.0023885937009982235, 'loudness': 0.23237851552121963, 'mode': 0.0035760425980991767, 'speechiness': 0.03126738213437158, 'acousticness': 0.10978774618336765, 'instrumentalness': 0.006368532838248824, 'liveness': 0.048931411882409244, 'valence': 0.10625269152291868, 'tempo': 0.3295584648387663}"
gradient_boosting,0.9497607655502392,0.7777777777777778,0.7,"{'danceability': 0.032115956166828545, 'energy': 0.011176460680274775, 'key': 0.000798598715427393, 'loudness': 0.2551359607211538, 'mode': 0.0026260882618589533, 'speechiness': 0.024973461743172692, 'acousticness': 0.04999900165697779, 'instrumentalness': 0.001653070250133791, 'liveness': 0.013762175395692472, 'valence': 0.022803092473834708, 'tempo': 0.5849561339346451}"
logistic_regression,0.9481658692185008,0.5,0.6666666666666666,
