model,auc_roc,precision,f1,feature_importance
random_forest,0.9944178628389155,0.7857142857142857,0.88,"{'danceability': 0.12224598322021796, 'energy': 0.06997536473394073, 'key': 0.00341797967914624, 'loudness': 0.24500649264583368, 'mode': 0.0033285737591934464, 'speechiness': 0.01284986138409018, 'acousticness': 0.14289366894677963, 'instrumentalness': 0.004801205267674419, 'liveness': 0.02755871939866636, 'valence': 0.051846587878837905, 'tempo': 0.3160755630856194}"
gradient_boosting,0.9792663476874003,0.9473684210526315,0.8780487804878049,"{'danceability': 0.17245350623140143, 'energy': 0.01339521769242324, 'key': 0.0010956289545961855, 'loudness': 0.3215835899523675, 'mode': 0.0003139962267780563, 'speechiness': 0.0011913818312084229, 'acousticness': 0.056535893991937286, 'instrumentalness': 0.0004840908967131242, 'liveness': 0.010083564590153346, 'valence': 0.023727784101396407, 'tempo': 0.399135345531025}"
logistic_regression,0.9617224880382775,0.5116279069767442,0.676923076923077,
