,random_forest,gradient_boosting,logistic_regression
auc_roc,0.8933739218670725,0.8875494672754948,0.905144596651446
precision,0.7976190476190477,0.7575757575757576,0.7669902912621359
f1,0.6118721461187214,0.6410256410256411,0.6638655462184874
confusion_matrix,"[[348  17]
 [ 68  67]]","[[341  24]
 [ 60  75]]","[[341  24]
 [ 56  79]]"
