model,auc_roc,precision,f1,feature_importance
random_forest,0.875598086124402,0.5428571428571428,0.6666666666666666,"{'danceability': 0.19977058635246153, 'energy': 0.08085329311918604, 'key': 0.005343777106570862, 'loudness': 0.25108269836046126, 'mode': 0.007458898934882947, 'speechiness': 0.017805832232010224, 'acousticness': 0.08971245892754019, 'instrumentalness': 0.006694193328567699, 'liveness': 0.029828909484346577, 'valence': 0.06905109297825998, 'tempo': 0.2423982591757127}"
gradient_boosting,0.8724082934609251,0.65,0.6190476190476191,"{'danceability': 0.4107464290682136, 'energy': 0.03465676405918611, 'key': 0.0012971409714038853, 'loudness': 0.27259152695951316, 'mode': 0.008365142021046363, 'speechiness': 0.002281297131588484, 'acousticness': 0.011706580497169659, 'instrumentalness': 0.0010985591378414319, 'liveness': 0.0013444215052748783, 'valence': 0.03824157413117155, 'tempo': 0.2176705645175909}"
logistic_regression,0.8915470494417863,0.4883720930232558,0.6461538461538462,
